id_version,id_model,date_max
02169830f60123df61cfde056c7a011bf891b9e874ae78129977531f254b48ef,4f75aada913371f499c2d355fdaf64e1f9c478c4d41a13fa27e9a1f302321331,2024-11-28 00:00:00+00:00
0432b7ade46c9029c421354dcb8da8940eb0d762b00619e14828a941881c738f,6edd64f9178a993e7c4a8e5f10ee347ee889c0e7733debae13975e7937602b68,2024-11-28 00:00:00+00:00
0480ff82f93c80be3d93b190a6cf02030c9a6856a6d3b4272aa2215d16c137c6,2d3415a6e9905e7358bb0ec2d0768a20471f1b7970350db1e1ef10a9ab7b4da9,2024-11-28 00:00:00+00:00
8b3408f4ef5a5ef7566cf8aa331492c71ae7d154795b0c0fe22119c098375264,2d3415a6e9905e7358bb0ec2d0768a20471f1b7970350db1e1ef10a9ab7b4da9,2023-10-26 00:00:00+00:00
04b1f580c27a65962ebcfb437c1be8432fe3e2645af22889233440934c087557,e93bbdd96322eff74f992d45ca74c5654f7581ef6e4d9280683800dd771d6431,2022-09-22 00:00:00+00:00
8e77213fab9154facf78e5dc6a24280f77a0bfce5eaa6eebb19b2a616513e70d,682b158d317e1df582bd311abc19a2b66eadd6a8bfba5eae86253f3803e5f6f6,2023-02-16 00:00:00+00:00
d05d691e2608c61a6cadb1405d8dab7f77f574436e8bf089ebc71e44743d7119,e93bbdd96322eff74f992d45ca74c5654f7581ef6e4d9280683800dd771d6431,2022-07-14 00:00:00+00:00
053176d27ec28fff4849ace644ff564c91db0354bcefa572766a72c325eba005,47973c90a328daa7c4de47a07c76525c1bc9e13f7549893b074be8570d215144,2024-04-19 00:00:00+00:00
a3f54538c0ea97beb17e6875757d1eedb7b74cb26fdf3780ad81f1a6a7b70818,6edd64f9178a993e7c4a8e5f10ee347ee889c0e7733debae13975e7937602b68,2023-02-16 00:00:00+00:00
056b7757a276af5080e87f2f889381345235b050dfb79a96ee684defd435d759,05b002dffe9019ff41d461b55dd87896305e5158e6b78baadca7412fe948d833,2023-07-13 00:00:00+00:00
27ab50efd2b228230f94b4c870120eab46ed9bca243cd746d697e657468e8ea3,c2671ff4c0077dbc069714697f6ee19502be448cd4f010131a581fa1743003e6,2024-06-20 00:00:00+00:00
066cb2ca9190e45ff606c5158caf5bdcf843c7df4fcd5c665a52d32632c9ef9f,4f75aada913371f499c2d355fdaf64e1f9c478c4d41a13fa27e9a1f302321331,2024-05-24 00:00:00+00:00
5d0b97cf4696fabee4348a0f8da265b504997073a3000291ee2105e52a45430c,4f75aada913371f499c2d355fdaf64e1f9c478c4d41a13fa27e9a1f302321331,2022-11-23 00:00:00+00:00
06fd565f3f6fe683b73684b5aeea12f216ae92f36ba7506d8667d35dedc6e75a,8778ee48d7a9fe7cfe66d70a618e1729370f969932a84fa382ba9cd689df0201,2022-10-03 00:00:00+00:00
df4b76a9eb00f39afa4de477ebdb05196c3e9a0c1b4bfb5e2027ee7b7c78a2f1,65d841e7ca246cad4cd31c0a508d8afe1ea0e9b9518bae6428460bf8687157ae,2022-12-02 00:00:00+00:00
08ac81c5fc16941237a3ab384d987f6a5ea101a62de08b9cf99a2963d3aee0fd,682b158d317e1df582bd311abc19a2b66eadd6a8bfba5eae86253f3803e5f6f6,2024-07-25 00:00:00+00:00
08d824ca20ad2cee089a100578f8652a6b3273845f501c3f3e1b85fbc79f0bd1,92e5b74cb5c882e09b09ffdb05d1e57880e25f2f1c5ce9585cdc2db80b770c51,2024-11-28 00:00:00+00:00
096f6f1dbdf7f6fd4d1b70c7f769c79f49c2416b5cb095f7987140b2ae4b33d0,47973c90a328daa7c4de47a07c76525c1bc9e13f7549893b074be8570d215144,2024-07-18 00:00:00+00:00
0a5bedeb4d3fde987d1e9e2c89261f67de319a8c963ddabcc4b86a8fcee58aa9,20b1bcc9bd8e4a7faf7725f98d338c5e5c09fac2ce89bbe4a97b4df68699241d,2024-03-15 00:00:00+00:00
53e08c8900f600d4784cf0ae3512d7e98aa9cd1f3e02ec102db516d2ed48f36c,20b1bcc9bd8e4a7faf7725f98d338c5e5c09fac2ce89bbe4a97b4df68699241d,2024-01-25 00:00:00+00:00
605f60730996c171b00732b0c1450a075c6b316772b86423de3068b06c33a645,20b1bcc9bd8e4a7faf7725f98d338c5e5c09fac2ce89bbe4a97b4df68699241d,2022-06-22 00:00:00+00:00
0de9d3357199c9fec1d4fee2a24a7ae21f656977ac029daf6844782c4bc5e01d,20b1bcc9bd8e4a7faf7725f98d338c5e5c09fac2ce89bbe4a97b4df68699241d,2024-11-28 00:00:00+00:00
5f4e98825e4c58a0a8abec0ecebe851aebad5884b74039cbfe7e6e55cdbdb40e,20b1bcc9bd8e4a7faf7725f98d338c5e5c09fac2ce89bbe4a97b4df68699241d,2024-01-25 00:00:00+00:00
6b45811d8fd18a31a71bd6eb8075e5fe4218818972fdff2240a213e0ec3f8dff,20b1bcc9bd8e4a7faf7725f98d338c5e5c09fac2ce89bbe4a97b4df68699241d,2024-11-28 00:00:00+00:00
a83c8b176bfb16d3b946e55a7ed8c31d7139b22f7e44a568135c9c36164a7356,20b1bcc9bd8e4a7faf7725f98d338c5e5c09fac2ce89bbe4a97b4df68699241d,2024-07-01 00:00:00+00:00
ce4ba70767d52ef46e4104e6b3356790faaef5bef5cc7b1358863ae81b449e06,20b1bcc9bd8e4a7faf7725f98d338c5e5c09fac2ce89bbe4a97b4df68699241d,2024-07-18 00:00:00+00:00
e3708207124b53b30d6191177373a57ba016bd4ac9646dfc40817dc4b1f0e4d1,20b1bcc9bd8e4a7faf7725f98d338c5e5c09fac2ce89bbe4a97b4df68699241d,2024-07-25 00:00:00+00:00
0ee47ce04ce9d578eed208b9f2f8af8d3218a10b278596d0c1968bbbcfbbad7c,66a5fb8f1f8e568b29bbf22b30bb1585762e9fd5020a6a8c7c452cbc0ee445bc,2024-11-28 00:00:00+00:00
0f76db525c44be2560ff556a73027b9678c52192e731395947bee761b3beb8dd,6edd64f9178a993e7c4a8e5f10ee347ee889c0e7733debae13975e7937602b68,2022-07-28 00:00:00+00:00
3e57634c257e4bbbf07ce8007a6b8d7adf428a12a0c655429a635c671b04cff0,47973c90a328daa7c4de47a07c76525c1bc9e13f7549893b074be8570d215144,2024-04-19 00:00:00+00:00
b1faba30ae7f51349860208a7276461a6aec84cc9900b43b6fb1f6a25afd07d5,47973c90a328daa7c4de47a07c76525c1bc9e13f7549893b074be8570d215144,2023-02-16 00:00:00+00:00
0f9cc3391b29856f93600cef8904e6101bdc6d3a574da989af53625120f3175d,20b1bcc9bd8e4a7faf7725f98d338c5e5c09fac2ce89bbe4a97b4df68699241d,2022-09-29 00:00:00+00:00
e728ae92cc6fe84328c54bf2dc5a983516ddb382be8123cc1baaebe472a426b5,20b1bcc9bd8e4a7faf7725f98d338c5e5c09fac2ce89bbe4a97b4df68699241d,2022-06-28 00:00:00+00:00
100c8076534a5f8e0b94aa8d193b184ab263912b577de14b674205c7fa67b8c8,bb4ef382108a7251ff40e6d5976f225010162b22a161da0c34dbe67e00c56d4d,2024-11-28 00:00:00+00:00
106bb3b8ff200896436d11651d92b4b8dc1e13a10bf279e0930adb0c4ad9d136,c976e46c402d6708f2aff4c95afcfa1a09e43fac3f4fe811757682bd49f945e4,2023-06-29 00:00:00+00:00
de6ec25c48e83cfe08ce789da50b2f35211adb6fc2b9d44844e8878d27222fed,aa7b398ea8219fd0b5aa9d1ef60f0ae0d8411c931f1d98a6512daa12a796490e,2023-09-21 00:00:00+00:00
10d5fd2e4853ef650c6ccc01a23527a801c6119ac04076543bf9113d1b238d44,e93bbdd96322eff74f992d45ca74c5654f7581ef6e4d9280683800dd771d6431,2022-11-23 00:00:00+00:00
362ba6619f9ee2d68e50596e79c4a11a038b767b9bef52a25f4899a876294b77,e93bbdd96322eff74f992d45ca74c5654f7581ef6e4d9280683800dd771d6431,2023-02-16 00:00:00+00:00
e2190e9a2387cffae97a285202816f617790ec1c3f9d558740e81ecdb71c699e,682b158d317e1df582bd311abc19a2b66eadd6a8bfba5eae86253f3803e5f6f6,2023-04-27 00:00:00+00:00
11c8f0e6457a0572c7dfeabf7cf4b989441431cb4fcdcbb39fec091b25b319e5,2d3415a6e9905e7358bb0ec2d0768a20471f1b7970350db1e1ef10a9ab7b4da9,2024-11-28 00:00:00+00:00
3595dbc8b0e4fe5c4af56c1aac541ca16c334305c24a429d326ac6c57e1e9e36,2d3415a6e9905e7358bb0ec2d0768a20471f1b7970350db1e1ef10a9ab7b4da9,2023-11-23 00:00:00+00:00
12bddc55b855cc738c8e214e4365bac49f721754f8a90a1ef4d8638219938c5d,5dbe0e03111520839761261fed409977dc1f60ffe80f5c5d5a984c24025f5fbb,2022-12-02 00:00:00+00:00
74c240498a13fee8501e89973673e9059cedd3d05e9c63ba1bf55935125bd942,070aff4183f4399f8cca2a7aab8735b974d21295ba8c15c7240985bf954f7a6c,2023-11-23 00:00:00+00:00
13f0d5860af6f39f7edafde1cbedc3019337328a579065e70e753f6d3603b9d2,bb4ef382108a7251ff40e6d5976f225010162b22a161da0c34dbe67e00c56d4d,2024-07-25 00:00:00+00:00
141a15d01d0697d9e4bb3d4665de7158c2d1ece09c2c9c648bfe40e91fca660d,4f75aada913371f499c2d355fdaf64e1f9c478c4d41a13fa27e9a1f302321331,2024-07-25 00:00:00+00:00
142209d8192708667af61a18aa80e7e3cf1b2c64dfad530bdbdbdf54a3c5e926,e2329ac03c8c32d8a6f94d3e32bb15c3888ab6ceccdca7ac84b3cbcd1aefb605,2024-11-28 00:00:00+00:00
afe839acccd17a9eab152de25e852f8f2691dc3d15e6d0d289e565165b0d9680,098e11138af3d013951eb20ebdbb8e7a16b697fadfc999a1aa89d6e5f6b0bff7,2024-09-12 00:00:00+00:00
14d725f24641f47cf32bbf98b0688747f247f862485d5d78dc1e75bb72f33dcf,2c471ced8e735323b6258cd7be98d331918245ffdca13d9b70eb62d646112263,2024-11-28 00:00:00+00:00
151eee2292eabe3e65f8c98f56c37cf749a6530d6790f9766acd623c3e1f064b,bd553772b76b563eb78816a8cd46287e2ea9267d76bba30f665a10d2104972d8,2024-04-02 00:00:00+00:00
153daff13b39d93963f385c89e1a0d1b6f11601da9fda46f3148ff7205d3157b,4f75aada913371f499c2d355fdaf64e1f9c478c4d41a13fa27e9a1f302321331,2024-05-24 00:00:00+00:00
39d0d9f5c8ec8206ab740bfa067997a33b2125f2c2ea74d42773204ea5dc4c1e,4f75aada913371f499c2d355fdaf64e1f9c478c4d41a13fa27e9a1f302321331,2022-12-23 00:00:00+00:00
dbc83aa0744807bab6f870ceca650434971d058a7286fd8a49e014e9722d72ea,4f75aada913371f499c2d355fdaf64e1f9c478c4d41a13fa27e9a1f302321331,2024-11-28 00:00:00+00:00
15c79feba743803a5865448bdbb75e57c6b90c621630ae5dc532999b5278b42a,c976e46c402d6708f2aff4c95afcfa1a09e43fac3f4fe811757682bd49f945e4,2024-11-28 00:00:00+00:00
6ff2b7f8cba0127a0fce8bc81556e8c265d6dd6d09c3d868c654133d428afc8f,c976e46c402d6708f2aff4c95afcfa1a09e43fac3f4fe811757682bd49f945e4,2023-11-23 00:00:00+00:00
1660f31cd8c1de0f235871a6839e50f7c8da8d21a0c4d870cc42a3e696605df7,6edd64f9178a993e7c4a8e5f10ee347ee889c0e7733debae13975e7937602b68,2024-11-28 00:00:00+00:00
16db3770af16304b37e62794eb8465360c26326c059bf5991556f81daa65a3bc,4f75aada913371f499c2d355fdaf64e1f9c478c4d41a13fa27e9a1f302321331,2024-07-25 00:00:00+00:00
17169adde2ede87ec7e17852604368e4fd763e6ceced0cdaac5b6d1ef5c2b573,bb4ef382108a7251ff40e6d5976f225010162b22a161da0c34dbe67e00c56d4d,2023-05-25 00:00:00+00:00
7d678b5cb03343edc09762883eb535ad943f0c41bff43d3418e48228954c18e5,f2b2cdf71c4764c22b26f6a51531c1a26f84132473db9642525b2945ac72fc4b,2023-08-24 00:00:00+00:00
172034ceb8c0857901b1c699806534068a5e6c1ac8cd8c001dfaf7f897509525,682b158d317e1df582bd311abc19a2b66eadd6a8bfba5eae86253f3803e5f6f6,2022-09-22 00:00:00+00:00
175aa769ae26e686bc124eaec2ec85f2b0a8cf8a89691308f96daffab80087d3,8d82a242de5f417037a2a296a3130d65420f993d6a70d2e2ef3e11c6b5b6a4f7,2022-09-15 00:00:00+00:00
17b2afdf56f8f28fbda18a5d3ce916c1859e6735ab56f9b6fac22cc0adac494b,6edd64f9178a993e7c4a8e5f10ee347ee889c0e7733debae13975e7937602b68,2022-09-08 00:00:00+00:00
d3e7d1126f0a87f214cd5376f6743d80cd999738f9d888f221601bb2c3982c7c,47973c90a328daa7c4de47a07c76525c1bc9e13f7549893b074be8570d215144,2024-04-19 00:00:00+00:00
19e89525928767e2e8fe8d508a000c3f56562b5bfbae1b960411f5e83d824e0f,53d42caa75540a0a5610d706f4323d9a69bf5dc7c29baec82a9558d46c4e9077,2023-07-03 00:00:00+00:00
19fd542630bf6b2247157670afaee71fab57925b65f11eba622c33640b9606c7,4f75aada913371f499c2d355fdaf64e1f9c478c4d41a13fa27e9a1f302321331,2024-07-25 00:00:00+00:00
1bb60a63234de51d984e202ea178e37dba7c7445cab2d2806f424861211da935,6edd64f9178a993e7c4a8e5f10ee347ee889c0e7733debae13975e7937602b68,2022-08-25 00:00:00+00:00
be5db46aa651a84b8bce17e81cb9b4428d9a47aae93075e91b4b4d178efdbbc8,47973c90a328daa7c4de47a07c76525c1bc9e13f7549893b074be8570d215144,2024-04-19 00:00:00+00:00
1e2ff973ef096c50f3de3a7e9749a4acfd76be0e452862c7ba6fee2c0e9b706a,6edd64f9178a993e7c4a8e5f10ee347ee889c0e7733debae13975e7937602b68,2024-11-28 00:00:00+00:00
63fe54311613a1a9d4d9fc92b9e38572d9c898583aaeeb7dd85ca06c22fef241,47973c90a328daa7c4de47a07c76525c1bc9e13f7549893b074be8570d215144,2022-10-03 00:00:00+00:00
c76bce0422f4a8efca48502c1c4311bf2661bda683836d7da48dc68514220031,47973c90a328daa7c4de47a07c76525c1bc9e13f7549893b074be8570d215144,2024-04-19 00:00:00+00:00
cae3d190e0a70d7212f5c6fb4bb1af8f0760d253e0727e1b791e9bb414af9218,6edd64f9178a993e7c4a8e5f10ee347ee889c0e7733debae13975e7937602b68,2022-11-16 00:00:00+00:00
1fa49976391a434f95ca229cbe4f17115edd67bab7d0639d82d9eecc11e4455a,c976e46c402d6708f2aff4c95afcfa1a09e43fac3f4fe811757682bd49f945e4,2023-11-23 00:00:00+00:00
205a1ab25d1cd7e22404ff101edf662a383f215b50a7a8729d48118e49bd25e2,c976e46c402d6708f2aff4c95afcfa1a09e43fac3f4fe811757682bd49f945e4,2023-11-23 00:00:00+00:00
5047a275630aa5f81556719a0fb2dd456d2faf87d75b9f2aa569c2bb3e659ffb,c976e46c402d6708f2aff4c95afcfa1a09e43fac3f4fe811757682bd49f945e4,2022-12-02 00:00:00+00:00
7268d3d772e66934d057069ba243af34221b1784d667df8307a97252e9ba5397,c976e46c402d6708f2aff4c95afcfa1a09e43fac3f4fe811757682bd49f945e4,2022-06-09 00:00:00+00:00
20b2577f697f2988a073764b4f1a647136d20cec398f59140ea97ec3e4cb5c61,6edd64f9178a993e7c4a8e5f10ee347ee889c0e7733debae13975e7937602b68,2022-10-25 00:00:00+00:00
c524a6ee5faae1107ca4ddca013917b0fb22d34d461740c92aa019be876be2c7,47973c90a328daa7c4de47a07c76525c1bc9e13f7549893b074be8570d215144,2024-04-19 00:00:00+00:00
22a823084acd73dd371387cac236ed832a240656d83da8f6027bf39df9efcb03,4f75aada913371f499c2d355fdaf64e1f9c478c4d41a13fa27e9a1f302321331,2024-05-24 00:00:00+00:00
392b11ac916566aba73af77ed70d2dac6494b28d1f2ad56b84cc9accffa2e1cf,4f75aada913371f499c2d355fdaf64e1f9c478c4d41a13fa27e9a1f302321331,2022-07-07 00:00:00+00:00
78d643824edee3cd7887ecf1897b26fcf756e7a1bbc5e9a4986b28ff0fc28d09,4f75aada913371f499c2d355fdaf64e1f9c478c4d41a13fa27e9a1f302321331,2022-06-22 00:00:00+00:00
96aad83f5f8fbfadcb3b2282c1441f52e266181227e467bb7707a4d4ad5b2983,4f75aada913371f499c2d355fdaf64e1f9c478c4d41a13fa27e9a1f302321331,2024-11-28 00:00:00+00:00
ce7b4c422d1beddff542fc5227cffce03029c1be8b69b4deb76981e480fa44ec,4f75aada913371f499c2d355fdaf64e1f9c478c4d41a13fa27e9a1f302321331,2024-05-24 00:00:00+00:00
2516262b5059cce00bcd91fcd72b8a11d41c77473bca465c8ef840b1cc68cb07,53d42caa75540a0a5610d706f4323d9a69bf5dc7c29baec82a9558d46c4e9077,2023-07-03 00:00:00+00:00
26161d18a56b2ceecab3c64f382e05994f090ea99e6386c27aee207e4021e741,2c471ced8e735323b6258cd7be98d331918245ffdca13d9b70eb62d646112263,2024-04-26 00:00:00+00:00
2772e8cb15a172fc84f37824cad20aefbdb780403a0bd640a7e8dcc8ea842020,c976e46c402d6708f2aff4c95afcfa1a09e43fac3f4fe811757682bd49f945e4,2024-11-28 00:00:00+00:00
27fe10b1201434b92410a2920e0dee678f2087fb83894a94247576323afc394d,682b158d317e1df582bd311abc19a2b66eadd6a8bfba5eae86253f3803e5f6f6,2024-11-28 00:00:00+00:00
6626f42974331e7c5534c8aa52835c298b94b21943d4fea5fd69ddb93286f1ce,e93bbdd96322eff74f992d45ca74c5654f7581ef6e4d9280683800dd771d6431,2022-09-22 00:00:00+00:00
e6cb1de69a91c18863ac470e265c83021ba2338e9df781187a42ff1ad31c0df9,682b158d317e1df582bd311abc19a2b66eadd6a8bfba5eae86253f3803e5f6f6,2024-04-02 00:00:00+00:00
28489922c207eab5f4bc59cbc79ea406c06f7c6bf630c8b39145fa80a4da53f6,8d82a242de5f417037a2a296a3130d65420f993d6a70d2e2ef3e11c6b5b6a4f7,2022-10-25 00:00:00+00:00
2935cacec7201e406a39ff124b77edb6469f44e7340be48440a39a47f29d16e3,c976e46c402d6708f2aff4c95afcfa1a09e43fac3f4fe811757682bd49f945e4,2023-05-11 00:00:00+00:00
95e4aa30880e69c21c4df51a3a78bd37da07670668ccc9a4ab75cd895f228256,c976e46c402d6708f2aff4c95afcfa1a09e43fac3f4fe811757682bd49f945e4,2023-09-21 00:00:00+00:00
29c7d7c9f2fe1c313e48e2fd2f6b6e115272ec7ff9b9450902828ce8df25f9e6,13aa166be1a99e39ae022defb301dc05bb7c9f64d8eaa81b95a0fde344411cb9,2022-12-02 00:00:00+00:00
2a6874fd57216614e14b05018bc75d065aaefcc4a1d15ccc44f9aad4868d32ab,aa7b398ea8219fd0b5aa9d1ef60f0ae0d8411c931f1d98a6512daa12a796490e,2024-07-25 00:00:00+00:00
2bb127e5b059b91717108a5770c10ca2424b5fd354c4ab55d7708421dee83f7e,65d841e7ca246cad4cd31c0a508d8afe1ea0e9b9518bae6428460bf8687157ae,2024-11-28 00:00:00+00:00
2c28af8132b39bc8eac67c10c0bea66de8f2f1e4151969d4842522944f7a04ff,d0d4bbdb373ecb09633089ec00daf844f0d04a8ff6b43fe0e081f1d817820902,2022-09-15 00:00:00+00:00
339c2f56d2299d18b651aadc9a6e4889da2e2c4125228abb581954b76e1072e3,13aa166be1a99e39ae022defb301dc05bb7c9f64d8eaa81b95a0fde344411cb9,2022-12-02 00:00:00+00:00
2df4de3661c45424136d10924bd6fd146c403a305280d72fbe6a90cdff57f256,4f75aada913371f499c2d355fdaf64e1f9c478c4d41a13fa27e9a1f302321331,2022-11-23 00:00:00+00:00
5799b38415ab8400d982764e09f2caff980211da37cdd0eac1444d1572bcf4e2,4f75aada913371f499c2d355fdaf64e1f9c478c4d41a13fa27e9a1f302321331,2024-11-28 00:00:00+00:00
8e3f2451e1683273b39d997431f7306dca93881454134b85899935898c4788f7,4f75aada913371f499c2d355fdaf64e1f9c478c4d41a13fa27e9a1f302321331,2024-05-24 00:00:00+00:00
2ec701d2355a08ed4bd54b425c3328bab8639dc37ba799d86641ba9d8ff93ffc,bb4ef382108a7251ff40e6d5976f225010162b22a161da0c34dbe67e00c56d4d,2024-07-25 00:00:00+00:00
2f4a8e35d6af441d2bbf88e66e0b9ef0ff68c0a6156ce811a3306d32e428caa5,aa7b398ea8219fd0b5aa9d1ef60f0ae0d8411c931f1d98a6512daa12a796490e,2022-11-23 00:00:00+00:00
b782ca50c05cf1458c5be8550cce621a8e0701a433ba00e2b384a79340a3fdd9,c976e46c402d6708f2aff4c95afcfa1a09e43fac3f4fe811757682bd49f945e4,2023-09-21 00:00:00+00:00
c8813d03aa4887e0e12bf359578fd8e3e1e5367f87ed8a56bec6eef44ab297a3,aa7b398ea8219fd0b5aa9d1ef60f0ae0d8411c931f1d98a6512daa12a796490e,2022-09-15 00:00:00+00:00
30311709a60d4f11792d45f5421d8de01bff929ead25c113c54935c2c6945487,bb4ef382108a7251ff40e6d5976f225010162b22a161da0c34dbe67e00c56d4d,2023-09-21 00:00:00+00:00
81a23aafa66f0a94126cb69d4cbd5d424b0a0aea528f64937bae6b55385b7f35,f2b2cdf71c4764c22b26f6a51531c1a26f84132473db9642525b2945ac72fc4b,2023-08-24 00:00:00+00:00
307057b957bbe4457b55c18d07cd08c6ef7b95a6356f0acc1f04464239396140,4f75aada913371f499c2d355fdaf64e1f9c478c4d41a13fa27e9a1f302321331,2024-07-18 00:00:00+00:00
328016d43e4ff352676c9c679125636db03dd8c56262e222c7dfc74014bef389,05b002dffe9019ff41d461b55dd87896305e5158e6b78baadca7412fe948d833,2023-08-03 00:00:00+00:00
ab5fdc6ff68c8a40a5b48d4653a5969b8ff4f4fb55ee1062a8131ca6be99a4d7,c2671ff4c0077dbc069714697f6ee19502be448cd4f010131a581fa1743003e6,2024-06-20 00:00:00+00:00
33609de055714dbffa8286f2725b25dd15d09e80b9b83ad162edcca5fe47c8ea,6edd64f9178a993e7c4a8e5f10ee347ee889c0e7733debae13975e7937602b68,2024-07-25 00:00:00+00:00
33e4ac73ffb86dfaf53e4d3865b2169a1c379d14be40b89496329830106abee0,bb4ef382108a7251ff40e6d5976f225010162b22a161da0c34dbe67e00c56d4d,2024-11-28 00:00:00+00:00
8d9d681fd3e04609e8fe292cda80bad7fee70b12a08e57d090c8dd783bdf024c,f2b2cdf71c4764c22b26f6a51531c1a26f84132473db9642525b2945ac72fc4b,2024-05-17 00:00:00+00:00
a1a963c1c54d4d66a8306e123b54d0f6c96eb706f6e4114b4235204da80d9106,f2b2cdf71c4764c22b26f6a51531c1a26f84132473db9642525b2945ac72fc4b,2023-01-02 00:00:00+00:00
bdc71852da2dcad3d7ec3a9c273328707e8a9673cd91b2f55ea1845152a4b01b,f2b2cdf71c4764c22b26f6a51531c1a26f84132473db9642525b2945ac72fc4b,2023-09-21 00:00:00+00:00
345506916127ff1b735d3422258bb2b6656dcb7fe75947b4dab099ca05f66317,682b158d317e1df582bd311abc19a2b66eadd6a8bfba5eae86253f3803e5f6f6,2024-04-02 00:00:00+00:00
8a11b5236b0fce664b6c9754fb2b969fd68bb988cc87b6adbc686f9c8e50ff42,682b158d317e1df582bd311abc19a2b66eadd6a8bfba5eae86253f3803e5f6f6,2024-11-28 00:00:00+00:00
35c79e50730324ae6c2528fdce6ca08611c9ea1306db3bf364f6bac5993511b4,bb4ef382108a7251ff40e6d5976f225010162b22a161da0c34dbe67e00c56d4d,2023-05-11 00:00:00+00:00
90bf720a609287e261c6d9f818571d9be3262007f5e951a512777d313e30d0da,bb4ef382108a7251ff40e6d5976f225010162b22a161da0c34dbe67e00c56d4d,2024-11-28 00:00:00+00:00
948d59486a1979575cfc1efaff8327ee307f22c5d24832076ce1c31db74c0c4c,f2b2cdf71c4764c22b26f6a51531c1a26f84132473db9642525b2945ac72fc4b,2023-08-24 00:00:00+00:00
366e2c8d9bcfa5cb24e8d6dd2d8856b0e5e5c9c435d3530c15124331f5e982e3,4f75aada913371f499c2d355fdaf64e1f9c478c4d41a13fa27e9a1f302321331,2024-05-24 00:00:00+00:00
b2126a48a16b6721b9fe280acb3f7e840d58784adca44c82481697e83d17baa7,4f75aada913371f499c2d355fdaf64e1f9c478c4d41a13fa27e9a1f302321331,2022-09-01 00:00:00+00:00
3785037eb69ee24ffd779755f60032463ac0a20b3fb0991e0742247a15db8bc6,05b002dffe9019ff41d461b55dd87896305e5158e6b78baadca7412fe948d833,2022-06-28 00:00:00+00:00
512c6db72b56448004514d1a92738912d489aba5a1fbadffc3cb16d59d9fa8d5,05b002dffe9019ff41d461b55dd87896305e5158e6b78baadca7412fe948d833,2023-07-13 00:00:00+00:00
b60fa444fd1faeb24598928e165a85f92fb40e5a577f0c218ecc3c6112944b18,c2671ff4c0077dbc069714697f6ee19502be448cd4f010131a581fa1743003e6,2024-06-20 00:00:00+00:00
3851c8f6c4337b5bc9f49e26376b7670ea05d668867654283a35edc87b218f9f,c2671ff4c0077dbc069714697f6ee19502be448cd4f010131a581fa1743003e6,2024-11-28 00:00:00+00:00
38cbd4aa791e5374acbba78177846fe61be80e70b6ae69e89df78f03520adfc9,f2b2cdf71c4764c22b26f6a51531c1a26f84132473db9642525b2945ac72fc4b,2022-09-01 00:00:00+00:00
84a49cb224711326db8c17cb66affc443bf7d5fef313a585032a3e9e6106afc1,f2b2cdf71c4764c22b26f6a51531c1a26f84132473db9642525b2945ac72fc4b,2023-09-04 00:00:00+00:00
8bc2d1853aa372d53c39d00c17de835e967ca0aeff9ea560b3ec77e8dfa24e21,bb4ef382108a7251ff40e6d5976f225010162b22a161da0c34dbe67e00c56d4d,2023-09-21 00:00:00+00:00
39c5212ccdf92acc660c59eeca7da77b26f541af10700f1643a060a5932c72bb,8778ee48d7a9fe7cfe66d70a618e1729370f969932a84fa382ba9cd689df0201,2022-12-02 00:00:00+00:00
39e9cc8f55b78ad42129105259025c26560617d119d51ccbf0d1520018962c40,bb4ef382108a7251ff40e6d5976f225010162b22a161da0c34dbe67e00c56d4d,2023-09-21 00:00:00+00:00
81b21ff9ea45cb6b7d123f5e26007eed08971a3e6baef7a24f3037a63f272aed,bb4ef382108a7251ff40e6d5976f225010162b22a161da0c34dbe67e00c56d4d,2023-05-25 00:00:00+00:00
3a1f2225de56be9a8109324dc2b51fd5fbc6353e82fcc9fb1aeb90aa84a50f33,65d841e7ca246cad4cd31c0a508d8afe1ea0e9b9518bae6428460bf8687157ae,2024-11-28 00:00:00+00:00
3b700f65513cfd18a8d0b87e7f6661cb26c5c92378bc8a242fa895f739d13832,c976e46c402d6708f2aff4c95afcfa1a09e43fac3f4fe811757682bd49f945e4,2023-06-22 00:00:00+00:00
3c3b7001ee7829b93722983d1f169b0b5d9e1e2cacc458fe44434b3386120da5,479f55555d0e4ddd808bc50c6977df6e56d80ad71a2328d6b282fbcbe5835a9e,2024-05-24 00:00:00+00:00
d1bf1650273fdfc573e0e773ed8b6ba0ac99f134c7a6c2d46dafd5bf8b37155a,d1a402f7b6cf4c9c1e784fbc9765b86f6eff25c33ff02391e1afe31fc01157e6,2022-06-28 00:00:00+00:00
3cd5172568807bfb7a0c294152a0822b1eae1372bb87950e2077471b8913ac92,6edd64f9178a993e7c4a8e5f10ee347ee889c0e7733debae13975e7937602b68,2024-07-25 00:00:00+00:00
3cd7cdf9c08370ef8aec236cd64bee2ea1290cc6122a98fff61bf32702efda4f,bb4ef382108a7251ff40e6d5976f225010162b22a161da0c34dbe67e00c56d4d,2024-11-28 00:00:00+00:00
3e10f14ec50ea90c99ae566af0497bc13016856c39fa4e6f617d415b8e21ed29,682b158d317e1df582bd311abc19a2b66eadd6a8bfba5eae86253f3803e5f6f6,2024-11-28 00:00:00+00:00
766ab0ea58f5a59efdeb81939ffc4d605cce8a28392578b76243959421d4fd9e,682b158d317e1df582bd311abc19a2b66eadd6a8bfba5eae86253f3803e5f6f6,2024-04-02 00:00:00+00:00
7e00ac96cb2bb5ef8e820f2dd881166465b96eb9edd974772daa6c9f3f5b11c0,e93bbdd96322eff74f992d45ca74c5654f7581ef6e4d9280683800dd771d6431,2022-09-22 00:00:00+00:00
3e176f9e219148009c475251bdce5c56429ee2a97840a4483c2f7190a47af77d,682b158d317e1df582bd311abc19a2b66eadd6a8bfba5eae86253f3803e5f6f6,2024-11-28 00:00:00+00:00
a12a3c9bc130e715d0b2c4a6a8f0cd0c77f488a87e1ff7ddfdb12800dd0dc259,682b158d317e1df582bd311abc19a2b66eadd6a8bfba5eae86253f3803e5f6f6,2024-04-02 00:00:00+00:00
3e7ca0149150308fd4308cf83fa8cbfb155103cd2e9328fb48b1f4c0a80bcf22,f2b2cdf71c4764c22b26f6a51531c1a26f84132473db9642525b2945ac72fc4b,2023-08-24 00:00:00+00:00
50af8a296939bc08226c556e9c6f3bf0586aabf9d20f20f63c28bdee93590d69,bb4ef382108a7251ff40e6d5976f225010162b22a161da0c34dbe67e00c56d4d,2022-09-15 00:00:00+00:00
3eaffeceeeb8d5577f8bd4a12b599b7f5812d12c10c55cfea8d161169844f7a9,20b1bcc9bd8e4a7faf7725f98d338c5e5c09fac2ce89bbe4a97b4df68699241d,2024-05-17 00:00:00+00:00
403e20127e60e414cab8b97e51d544bc20952a74e38b5430763eb5ec56f6256d,bb4ef382108a7251ff40e6d5976f225010162b22a161da0c34dbe67e00c56d4d,2024-07-25 00:00:00+00:00
40e3f244afd27dbfc6b02069db2c23a8ed2ca845c4238861b87734a772f64c86,47973c90a328daa7c4de47a07c76525c1bc9e13f7549893b074be8570d215144,2023-05-11 00:00:00+00:00
ac3daa2f223bc65ead2c4ca11508c8fc4cee832ef176a78fc5855b7cfe372ee8,47973c90a328daa7c4de47a07c76525c1bc9e13f7549893b074be8570d215144,2023-03-16 00:00:00+00:00
41c628f39e9e30f173e15c5b6109db8a9a82572949ece36ad6dbb74471c0508f,8d82a242de5f417037a2a296a3130d65420f993d6a70d2e2ef3e11c6b5b6a4f7,2022-10-25 00:00:00+00:00
461adb11570b9d09d6de7770e540d255a97a1be917c487c07f3511b092ef60ff,d0d4bbdb373ecb09633089ec00daf844f0d04a8ff6b43fe0e081f1d817820902,2024-11-28 00:00:00+00:00
462f8f3f53ed708425cebbb4680302c4a77844e986e28f4feceef06a2fc86ebc,c976e46c402d6708f2aff4c95afcfa1a09e43fac3f4fe811757682bd49f945e4,2023-06-15 00:00:00+00:00
4642ed31d7af7a9624a4e77762f586e5ed8661b297cc122a977199d5977f00e4,47973c90a328daa7c4de47a07c76525c1bc9e13f7549893b074be8570d215144,2024-04-19 00:00:00+00:00
e9f4cbb5b3d9d032211d374d7bdb47ca75af234a44bc270dbe3f791e3f690443,6edd64f9178a993e7c4a8e5f10ee347ee889c0e7733debae13975e7937602b68,2022-10-18 00:00:00+00:00
473bf8172737df9acc0ee0e79c3205d9b26fb112cc9c263b054559263295c473,6edd64f9178a993e7c4a8e5f10ee347ee889c0e7733debae13975e7937602b68,2024-11-28 00:00:00+00:00
47b7dc8fa8f8070dc2f9946b6387d19eaf6f4d33d3bf9d0569de3751e778a73c,bb4ef382108a7251ff40e6d5976f225010162b22a161da0c34dbe67e00c56d4d,2024-07-25 00:00:00+00:00
4a110be175ac543d3656e56891f9ce96c6dd16e973ce2009510134b5236d3df9,47973c90a328daa7c4de47a07c76525c1bc9e13f7549893b074be8570d215144,2024-07-18 00:00:00+00:00
4aef2c17009babd6b474a9bd9cb9bf4475dfc6dc6effaf0f9ce26c7bb56c4ef1,5dbe0e03111520839761261fed409977dc1f60ffe80f5c5d5a984c24025f5fbb,2023-09-21 00:00:00+00:00
4b749b2a7353e8534c15c78bd1016fabbea3975cfd2bfd66f89854e1d06ffb2c,e93bbdd96322eff74f992d45ca74c5654f7581ef6e4d9280683800dd771d6431,2022-12-02 00:00:00+00:00
87fcb4908bdf949471e270952f428ca56a246c10ad6e15b443ae304e6270cf7a,682b158d317e1df582bd311abc19a2b66eadd6a8bfba5eae86253f3803e5f6f6,2023-03-09 00:00:00+00:00
93adb107320a966293a22c2f58ccd6da46764c492f027c335e18dd097c677651,e93bbdd96322eff74f992d45ca74c5654f7581ef6e4d9280683800dd771d6431,2022-10-25 00:00:00+00:00
4bc35a3cf874b79b1b036735cdbc9b2aae18a3574b775664214426de06948287,4f75aada913371f499c2d355fdaf64e1f9c478c4d41a13fa27e9a1f302321331,2024-11-28 00:00:00+00:00
83683cae9c43c381b4db8b67882fb76710358e8dee941d86e29da372ce36ed8d,4f75aada913371f499c2d355fdaf64e1f9c478c4d41a13fa27e9a1f302321331,2024-05-24 00:00:00+00:00
d53ebbd822673db468f896b99e3b424a038948e9ffe485a408f7b497b2141a89,4f75aada913371f499c2d355fdaf64e1f9c478c4d41a13fa27e9a1f302321331,2022-09-29 00:00:00+00:00
4c3ca8b12cd5e3dcbb4700b75ad01d12a7827ca385313798450a3d14b5344f9b,13aa166be1a99e39ae022defb301dc05bb7c9f64d8eaa81b95a0fde344411cb9,2022-10-18 00:00:00+00:00
9c7a1f7577e394bb3cc182a9d6633a4041c66f676fe94c99f86cb6250aa786c9,13aa166be1a99e39ae022defb301dc05bb7c9f64d8eaa81b95a0fde344411cb9,2022-10-03 00:00:00+00:00
4c7178045ad9adcae624e28b23e91c81052bff924759af9d66126d9db7aa825f,5dbe0e03111520839761261fed409977dc1f60ffe80f5c5d5a984c24025f5fbb,2023-01-09 00:00:00+00:00
5b2eb5bd13f6faf78e2d7b94d2e4f7a08e3362a5ebb3f7f1fca1107c5ed0eff9,c976e46c402d6708f2aff4c95afcfa1a09e43fac3f4fe811757682bd49f945e4,2024-11-28 00:00:00+00:00
4e74b1346a74f3628e6d85b408d22a1dc04dc4309d6328962442c09aa59c632a,6edd64f9178a993e7c4a8e5f10ee347ee889c0e7733debae13975e7937602b68,2022-11-09 00:00:00+00:00
756466c51729de0538c638f5924b936fb4674671d4fe2b43b05439867f82585b,47973c90a328daa7c4de47a07c76525c1bc9e13f7549893b074be8570d215144,2023-05-11 00:00:00+00:00
cbcd42e81795b30bd8deda47db820992c5c28a00bda810b982ef3fa9a18800cf,47973c90a328daa7c4de47a07c76525c1bc9e13f7549893b074be8570d215144,2024-04-19 00:00:00+00:00
4eb7a625eb94daf78e3b064fb1203e07c9df2c0c3b20ca71f82a8254d8bd2cf4,20b1bcc9bd8e4a7faf7725f98d338c5e5c09fac2ce89bbe4a97b4df68699241d,2024-11-28 00:00:00+00:00
b95ec62d47e7152246f807506500047e184bd7cb3b309227a66c6870d0cf07d2,20b1bcc9bd8e4a7faf7725f98d338c5e5c09fac2ce89bbe4a97b4df68699241d,2024-07-25 00:00:00+00:00
4f168dd0198feef003dae9a23322ba0c805eedc90f4972848538133153f4f151,e93bbdd96322eff74f992d45ca74c5654f7581ef6e4d9280683800dd771d6431,2022-10-18 00:00:00+00:00
9897fd1498d8f3e9498af8e3de7014ca41fde50c9f48016a5bd7967e680fc760,e93bbdd96322eff74f992d45ca74c5654f7581ef6e4d9280683800dd771d6431,2022-09-22 00:00:00+00:00
ed1b76f6be31a72d69a01a32778d2c9c293208e960adea933e39948c89464dc5,682b158d317e1df582bd311abc19a2b66eadd6a8bfba5eae86253f3803e5f6f6,2023-02-16 00:00:00+00:00
4f2e50ec23d95116a2949173168224a31b02cdbdf3fd9ed6782b5913e2a913ec,6edd64f9178a993e7c4a8e5f10ee347ee889c0e7733debae13975e7937602b68,2022-11-09 00:00:00+00:00
bd930ccff6e448a632228fba35cf16be820e69bb8625201588ca14eaea152934,47973c90a328daa7c4de47a07c76525c1bc9e13f7549893b074be8570d215144,2024-04-19 00:00:00+00:00
505022368c35b700f2b3d1c0e94106459c6547e92bbf6acef6f5aa8270cfb983,8405c1a7d348f45fe5e562a2ea4fa5ddc31bbb33248ca5ca618931711e549bc2,2024-11-28 00:00:00+00:00
d2627766f79b50fd409fca6e5295ad336e6ca39c47023cb0bca40bae87c28537,8405c1a7d348f45fe5e562a2ea4fa5ddc31bbb33248ca5ca618931711e549bc2,2024-06-07 00:00:00+00:00
527727b56b4aecd150f9c9263bf4f53a4a4c2380b4d809d462216cc24f4b7163,53d42caa75540a0a5610d706f4323d9a69bf5dc7c29baec82a9558d46c4e9077,2023-07-03 00:00:00+00:00
555e6ce97e65cf97fd842820549ae66885c34daca04295e6a07c8f83bf86fc6a,c976e46c402d6708f2aff4c95afcfa1a09e43fac3f4fe811757682bd49f945e4,2023-11-23 00:00:00+00:00
d1e1d512a0508c3cb7a4568aaa69e17fe5fa0b3efc76996691edb2c8eea888ff,c976e46c402d6708f2aff4c95afcfa1a09e43fac3f4fe811757682bd49f945e4,2024-11-28 00:00:00+00:00
56de3c452a7df2982bb6f661e345f58c7c5ed3d1434447bdaed310486f003a82,47068b7bf57fa8e35fc9835ef337176252672afacd9c56f21617445d4721a0b6,2022-07-28 00:00:00+00:00
8988ce2c898ca462210842af6f4d95a2fea436e0944be8e2d864e0e4bfef5f02,47068b7bf57fa8e35fc9835ef337176252672afacd9c56f21617445d4721a0b6,2023-05-11 00:00:00+00:00
57c271dc20b184b73baf3d4c844aeb34eae38b305120cb0fcd194bb846a28d66,4f75aada913371f499c2d355fdaf64e1f9c478c4d41a13fa27e9a1f302321331,2024-11-28 00:00:00+00:00
583a0cb2b73cf9266937b346e6486604dc243d93088f571a260c1541e194a40b,f2b2cdf71c4764c22b26f6a51531c1a26f84132473db9642525b2945ac72fc4b,2022-11-23 00:00:00+00:00
697285da418f7b2d8d8d25386cc117dad37cf231f08df555608f277743644ab7,f2b2cdf71c4764c22b26f6a51531c1a26f84132473db9642525b2945ac72fc4b,2024-05-17 00:00:00+00:00
733b2f860b21ef60974e53cc0d06dfc604315d8921a14aca951000a0263566f0,f2b2cdf71c4764c22b26f6a51531c1a26f84132473db9642525b2945ac72fc4b,2023-09-21 00:00:00+00:00
596b1ab04e75b090b2a515ea4eeb41b9e383dd47668e2f12fe96efa99fffe23d,66a5fb8f1f8e568b29bbf22b30bb1585762e9fd5020a6a8c7c452cbc0ee445bc,2024-11-28 00:00:00+00:00
59ba1fceb9ad6f9c22162d05532dcab57be2409592ecd353a82743b1065a8f65,bd553772b76b563eb78816a8cd46287e2ea9267d76bba30f665a10d2104972d8,2024-04-02 00:00:00+00:00
a9cbe6cc5b8b14eb9082638858fb2f3a21edd07faab00d2d9ef156da7c94c684,bd553772b76b563eb78816a8cd46287e2ea9267d76bba30f665a10d2104972d8,2022-10-18 00:00:00+00:00
5a44b9d45944ff65f4ecc187698a8b4d5eec0da676f7e67f6da65a917dd561ba,a643f8b6047069fc8b2eb8a02356347532bb638f25b29711025c5dba59ab33d2,2024-11-28 00:00:00+00:00
a8e144e34733171e546089b4c79efeb478e4bf9c643b3848446090cee4fbd512,04b84519482ab446f4a19b311f44969f8c78ae29d7b485f87c2b9427f9fe927d,2024-06-07 00:00:00+00:00
f998a6ebcd7591735872798d93002df48bfb9b944c65b2a82582712431aee41e,a643f8b6047069fc8b2eb8a02356347532bb638f25b29711025c5dba59ab33d2,2024-11-28 00:00:00+00:00
5a96d7e5bfd1a3935f320f6f0669c71d2894421148be92518c2ed7f9a0d434f5,53d42caa75540a0a5610d706f4323d9a69bf5dc7c29baec82a9558d46c4e9077,2023-07-03 00:00:00+00:00
5c9c1ad4e379ee743d26ea14c2f22a163727ab9156c3244bad33630f09f4e5f1,aa7b398ea8219fd0b5aa9d1ef60f0ae0d8411c931f1d98a6512daa12a796490e,2024-07-25 00:00:00+00:00
5df84c7bf482961c7c87ee80d5e83a491669e0736945b29771e9853f90cc1d11,682b158d317e1df582bd311abc19a2b66eadd6a8bfba5eae86253f3803e5f6f6,2024-04-02 00:00:00+00:00
bbeb382337f3e3880a3c1d13611ce39e57adf034699480e7a35db29aa206f945,682b158d317e1df582bd311abc19a2b66eadd6a8bfba5eae86253f3803e5f6f6,2024-11-28 00:00:00+00:00
5f10b50dafb84629ae79d09baf713b56fe136b512a1fc23450aa8979a25bf4be,682b158d317e1df582bd311abc19a2b66eadd6a8bfba5eae86253f3803e5f6f6,2023-03-09 00:00:00+00:00
d4a8906ee78378cc0ca063353de339bbdf29d1834345a3288a0b31e0e2faafc4,e93bbdd96322eff74f992d45ca74c5654f7581ef6e4d9280683800dd771d6431,2023-02-16 00:00:00+00:00
e7d8b71fa9a8d55d2dc32307ecd3f2a0a1fc8bbe8c328bb4c1b4907eab60cede,e93bbdd96322eff74f992d45ca74c5654f7581ef6e4d9280683800dd771d6431,2022-09-22 00:00:00+00:00
5f1517d67cea8e7d1ec46f7612f99692e013c30c0cab1333fbe67e730faec831,c976e46c402d6708f2aff4c95afcfa1a09e43fac3f4fe811757682bd49f945e4,2022-06-09 00:00:00+00:00
7ca50ba566b2cb5a0430b28f3b8b0c4ffddbade4344306ac35e952cb59fc2d81,c976e46c402d6708f2aff4c95afcfa1a09e43fac3f4fe811757682bd49f945e4,2022-12-02 00:00:00+00:00
f00557224ff554229885e5048a91c16f9347a0ee3a5d019ced43050ae2fe3ab1,c976e46c402d6708f2aff4c95afcfa1a09e43fac3f4fe811757682bd49f945e4,2023-11-23 00:00:00+00:00
5f9c3984c13133999baae0331a69086dc0303ec3486c54887b94fa6ce2f9b3d9,a14c5e9a2f354cd0167d1de1a32de8cc69658803a8a7fe933057e7142a3ce0a2,2024-11-28 00:00:00+00:00
619d02c58a4f967fa22c0f56f87b7a1b851787148ed9604d75322fe5188ead3c,aa7b398ea8219fd0b5aa9d1ef60f0ae0d8411c931f1d98a6512daa12a796490e,2024-07-25 00:00:00+00:00
630f5663a179074f900397fbdf19da4624f20d631c7762059dd1cfc431d3d047,4f75aada913371f499c2d355fdaf64e1f9c478c4d41a13fa27e9a1f302321331,2024-11-28 00:00:00+00:00
63bb0e52a99373783899ba744aef26e0ec6a5aa6d8bc4c42e62928da5dbafce5,8778ee48d7a9fe7cfe66d70a618e1729370f969932a84fa382ba9cd689df0201,2022-10-03 00:00:00+00:00
eb0094f61aceed98aaa9afb9c16ff505a37781532ffbe39165d2158af4491be6,65d841e7ca246cad4cd31c0a508d8afe1ea0e9b9518bae6428460bf8687157ae,2023-02-16 00:00:00+00:00
66519ad7aadd5c164bf9a6d2629056a9cff29ae228aa2a25497ff8735d305991,c976e46c402d6708f2aff4c95afcfa1a09e43fac3f4fe811757682bd49f945e4,2024-11-28 00:00:00+00:00
666a2e73dcf97942fc53b2b5b01aabb1b0f332e07d7c90f2de4e4b412cba47e4,2d3415a6e9905e7358bb0ec2d0768a20471f1b7970350db1e1ef10a9ab7b4da9,2023-09-04 00:00:00+00:00
95504f12c9a10fb5583dec4145da7ca8d2e3ddf351f1d56e1eaee6228c84c853,2d3415a6e9905e7358bb0ec2d0768a20471f1b7970350db1e1ef10a9ab7b4da9,2024-11-28 00:00:00+00:00
ec7372bb28925ae89ee315db3c1430614d7829fd05bceb74be91f4933a50451f,2d3415a6e9905e7358bb0ec2d0768a20471f1b7970350db1e1ef10a9ab7b4da9,2024-11-28 00:00:00+00:00
68ecf8d4fc5561233eb0188f60f3719937e25b90ec17cf42bb4fb27610336c04,13aa166be1a99e39ae022defb301dc05bb7c9f64d8eaa81b95a0fde344411cb9,2022-12-02 00:00:00+00:00
690ca135c597e54fe8e793aca98e60cd00271b3778f011155f765cb63ae6b4fa,bb4ef382108a7251ff40e6d5976f225010162b22a161da0c34dbe67e00c56d4d,2024-07-25 00:00:00+00:00
6a0be04366ff0cdebb51dddb74e5121e20d50d7f0e3d98352c7b3650a661de35,47973c90a328daa7c4de47a07c76525c1bc9e13f7549893b074be8570d215144,2024-04-19 00:00:00+00:00
cb0ea7bfa16c00d4404387b31d1173d7ecc547c5d428265f1046737c27429b2d,6edd64f9178a993e7c4a8e5f10ee347ee889c0e7733debae13975e7937602b68,2022-07-28 00:00:00+00:00
6f4f3a712bb334ab8b85ebc985693bd1b85bcb6df3557187d01cd7e53b8e5cb4,c976e46c402d6708f2aff4c95afcfa1a09e43fac3f4fe811757682bd49f945e4,2023-11-23 00:00:00+00:00
7197a096fb9cfaccc412f3a13f674e3831da52470ab50e0f6e4d0a452d36f1da,aa7b398ea8219fd0b5aa9d1ef60f0ae0d8411c931f1d98a6512daa12a796490e,2023-05-02 00:00:00+00:00
7bb5ade4e9c79a6f12902fff9170bfc468843e8c01f3b8c81c29d4d2839b9837,c976e46c402d6708f2aff4c95afcfa1a09e43fac3f4fe811757682bd49f945e4,2022-06-09 00:00:00+00:00
a0c83261410305ebafef2ea2fa16905b9304f5169491738a90b6108cf1f3dd72,c976e46c402d6708f2aff4c95afcfa1a09e43fac3f4fe811757682bd49f945e4,2024-11-28 00:00:00+00:00
c836327ab964ee4513fc01b868582b19710c4e8a253ef95c9620a6b8859c1de8,c976e46c402d6708f2aff4c95afcfa1a09e43fac3f4fe811757682bd49f945e4,2023-01-09 00:00:00+00:00
71ba03b6f0a2f1ee1c6dcfb2025737319adb9d72022e2101351c1da8a55b4b5b,2d3415a6e9905e7358bb0ec2d0768a20471f1b7970350db1e1ef10a9ab7b4da9,2024-11-28 00:00:00+00:00
ba43933053e8c1dd29c3d611ad501e2e029c68fdf11edddf5941fca4d282a743,2d3415a6e9905e7358bb0ec2d0768a20471f1b7970350db1e1ef10a9ab7b4da9,2023-11-23 00:00:00+00:00
73a3d9a250338ab1af7efa4b207c24700421289a88d2e32b5c3332b84473df16,c2671ff4c0077dbc069714697f6ee19502be448cd4f010131a581fa1743003e6,2024-06-20 00:00:00+00:00
74f18f6d6213a27ca4916bbad0a53f9ec3b31edc1d90558731840637c42f3e07,05b002dffe9019ff41d461b55dd87896305e5158e6b78baadca7412fe948d833,2023-07-13 00:00:00+00:00
7b96d0c2299235d144c768b802752b8c7756752ff73db38b28e6dacf95fc6249,05b002dffe9019ff41d461b55dd87896305e5158e6b78baadca7412fe948d833,2023-07-13 00:00:00+00:00
d8a4c9473245379deabd56c7d848bc3f190cea6b128d7f94a55c99c68e817984,c2671ff4c0077dbc069714697f6ee19502be448cd4f010131a581fa1743003e6,2024-06-20 00:00:00+00:00
74dba2c14218006e7ea3829751bba8a7369228ed847f2f0c69fad4c729bcf752,4f75aada913371f499c2d355fdaf64e1f9c478c4d41a13fa27e9a1f302321331,2024-07-25 00:00:00+00:00
759870bb8f1b0424bda8d696ba3fe8f53778c906bb10ca4a9d436345800f1fd8,c976e46c402d6708f2aff4c95afcfa1a09e43fac3f4fe811757682bd49f945e4,2024-11-28 00:00:00+00:00
77e8337902bbfd82c02c829bcce49dda4f312a0d8e4ed0870fe1ec2ded685a27,682b158d317e1df582bd311abc19a2b66eadd6a8bfba5eae86253f3803e5f6f6,2024-04-02 00:00:00+00:00
c7e697465197a350c9b23ca6108f56816152a9a45cf673544e0d2e732b7e3ef3,682b158d317e1df582bd311abc19a2b66eadd6a8bfba5eae86253f3803e5f6f6,2024-11-28 00:00:00+00:00
78598716f5a02af7a065f04cec69ace6067739094a51150b79e746f0ac5e64e7,6edd64f9178a993e7c4a8e5f10ee347ee889c0e7733debae13975e7937602b68,2024-07-25 00:00:00+00:00
7cddf67686c3aba5c6d4f51664e6f085228f93e3d65e07904cfee1c8f3526f34,47973c90a328daa7c4de47a07c76525c1bc9e13f7549893b074be8570d215144,2024-07-18 00:00:00+00:00
7de4719d1cb72ae21f5b2755b76c9823a7dd7d70554e221ef4aebb29e9decb5a,6edd64f9178a993e7c4a8e5f10ee347ee889c0e7733debae13975e7937602b68,2024-07-25 00:00:00+00:00
7e43e5e5fada27ec27eac04e3c32ae44dc6fe77738638f1739c8bb902dc76e88,bb4ef382108a7251ff40e6d5976f225010162b22a161da0c34dbe67e00c56d4d,2024-11-28 00:00:00+00:00
878a57b6de11738dc74e9ce9428a1808efd5db35dc4f7a0a65b3dd147e9eeb50,f2b2cdf71c4764c22b26f6a51531c1a26f84132473db9642525b2945ac72fc4b,2022-09-22 00:00:00+00:00
b8b4647b714b0de9ad290ac7fa304cb3ee9447373b3f0abc8d50e1948bcfd3d7,f2b2cdf71c4764c22b26f6a51531c1a26f84132473db9642525b2945ac72fc4b,2023-09-21 00:00:00+00:00
cfa590be79b7008f873c4b98bc7a448cafd2223084acdf328a72f63f1093ea16,f2b2cdf71c4764c22b26f6a51531c1a26f84132473db9642525b2945ac72fc4b,2024-05-17 00:00:00+00:00
805907bb683df2770f68a2168272b4f58398ade54e9c1c12e110cb1df07b62cf,4f75aada913371f499c2d355fdaf64e1f9c478c4d41a13fa27e9a1f302321331,2024-07-25 00:00:00+00:00
80d71b1b67c57e03ce80b70faea366927202f219ddf74fb9d745c5e1efdcb351,9cddd25a7af9af2f77c17bfea71e0f85acf2b018f694fadc09f95cf1d382ac3a,2024-11-28 00:00:00+00:00
812adfc69bba15e962f79536616756f23a6e8369f54669e34556508e0b229bb6,c976e46c402d6708f2aff4c95afcfa1a09e43fac3f4fe811757682bd49f945e4,2023-11-23 00:00:00+00:00
82680ea15fb1baf317f1addbf3cb950c7ce5a75f9cc5b06dfec243c86f39151d,6edd64f9178a993e7c4a8e5f10ee347ee889c0e7733debae13975e7937602b68,2024-11-28 00:00:00+00:00
826a6d85a9418534c679617c414dbd9d06a79820ec2e380244af6c88ae159432,4f75aada913371f499c2d355fdaf64e1f9c478c4d41a13fa27e9a1f302321331,2024-07-18 00:00:00+00:00
86b0ce70c27cba5ae8eede3384c3248d321bde10b238d88358b9a6a6854dfd75,92e5b74cb5c882e09b09ffdb05d1e57880e25f2f1c5ce9585cdc2db80b770c51,2024-11-28 00:00:00+00:00
877de97debabe75d1aa1ef8a7275f88cac30fea36b2125d80f9f0c39e3511bc7,bb4ef382108a7251ff40e6d5976f225010162b22a161da0c34dbe67e00c56d4d,2024-11-28 00:00:00+00:00
8ab8d19334bc5ecbbde4bb4e806a75441803a7c14efd872dd0e03538acf6b2ba,bb4ef382108a7251ff40e6d5976f225010162b22a161da0c34dbe67e00c56d4d,2024-11-28 00:00:00+00:00
8bc6439a67cc985305c5233fe681bcc97a06a8cc7e069bdfdfbaf4097aa564a5,d0d4bbdb373ecb09633089ec00daf844f0d04a8ff6b43fe0e081f1d817820902,2024-11-28 00:00:00+00:00
8db52f3a4ace3366c365ca7a656d94d81342cfe0dfd27c6ae6bf6464ae281edd,d0d4bbdb373ecb09633089ec00daf844f0d04a8ff6b43fe0e081f1d817820902,2024-11-28 00:00:00+00:00
8e7b280a48eba311fc2273bea5291fbbc2665660bf89b860ffd7e2b815cd8fea,d0d4bbdb373ecb09633089ec00daf844f0d04a8ff6b43fe0e081f1d817820902,2024-11-28 00:00:00+00:00
8f199ed2477e6ba63e84dc74dc26ecc08225e5a2508949729d6fb2c0881c0c5e,6d36dda227e871238c5bd6f337f780cad0b8f73168f4ef0cd3c2c06ce37b3f75,2024-05-24 00:00:00+00:00
8f93d0fe31a1d57c12da05073e3ec11f51c865f4be93d36ef39f2b95ac1aa227,6edd64f9178a993e7c4a8e5f10ee347ee889c0e7733debae13975e7937602b68,2024-11-28 00:00:00+00:00
8f96401ce0651d7d1754342870c2368ef5aa498c3afe133b91dde4f0483eaac1,682b158d317e1df582bd311abc19a2b66eadd6a8bfba5eae86253f3803e5f6f6,2024-07-25 00:00:00+00:00
901c9f0bd2eb5cde9d1c8d274005dffd3a4a446bd15e3480f9acbb5c9e7a700c,a14c5e9a2f354cd0167d1de1a32de8cc69658803a8a7fe933057e7142a3ce0a2,2024-11-28 00:00:00+00:00
9134ed881583d8694572b3375e92ea2e580e9865bb2e1ed93221e6c4589f6c3d,a14c5e9a2f354cd0167d1de1a32de8cc69658803a8a7fe933057e7142a3ce0a2,2024-11-28 00:00:00+00:00
9229c8cc3d9a575977d395232f45aa0020a47002cf3eb349427670d995fd42f4,20b1bcc9bd8e4a7faf7725f98d338c5e5c09fac2ce89bbe4a97b4df68699241d,2022-09-01 00:00:00+00:00
a228599923d61eb6c4736ef4e10218121deeb31695e046030978cad33cc285c6,20b1bcc9bd8e4a7faf7725f98d338c5e5c09fac2ce89bbe4a97b4df68699241d,2023-07-27 00:00:00+00:00
928623d15db3d2dbd737046f8553493dcf63111012de49f189a408b30042d5f9,682b158d317e1df582bd311abc19a2b66eadd6a8bfba5eae86253f3803e5f6f6,2022-09-22 00:00:00+00:00
9352a1881402e1eb70fbb72e293fe0a4e778dda230dd8f41ac8266bf463bb875,c976e46c402d6708f2aff4c95afcfa1a09e43fac3f4fe811757682bd49f945e4,2022-11-02 00:00:00+00:00
df8c3fe15827885d03eda284fca4b23dd6de4d30310a582c268e4fd5f02c7f0e,c976e46c402d6708f2aff4c95afcfa1a09e43fac3f4fe811757682bd49f945e4,2022-08-25 00:00:00+00:00
e2787957c5c9bb67afffc8c23633f46fc38d29c8b8fee1b7cf48bdc8506e50a2,aa7b398ea8219fd0b5aa9d1ef60f0ae0d8411c931f1d98a6512daa12a796490e,2022-11-23 00:00:00+00:00
94820fc900d0b9576b255545208a7f1ed29e9731e115c0b61ca6fb8f9e0d4614,4f75aada913371f499c2d355fdaf64e1f9c478c4d41a13fa27e9a1f302321331,2024-07-18 00:00:00+00:00
9518fb1d3ca7734a32487bdbe7c49f4bf532c27f71ba12399eb84c297fad9566,8405c1a7d348f45fe5e562a2ea4fa5ddc31bbb33248ca5ca618931711e549bc2,2024-11-28 00:00:00+00:00
9788110adcd5d8b168610835b97e63ce689ed28f5e48b4459a001fce1a16a1c1,9cddd25a7af9af2f77c17bfea71e0f85acf2b018f694fadc09f95cf1d382ac3a,2024-04-26 00:00:00+00:00
98b4301a77b20474bc46eb0de110519466f2aeee891d576071d434f1e6264ab3,4f75aada913371f499c2d355fdaf64e1f9c478c4d41a13fa27e9a1f302321331,2024-07-18 00:00:00+00:00
9bb2d11f35270a54b18f0584d33ac3427fc1417b325dd74db08889b305869bcb,682b158d317e1df582bd311abc19a2b66eadd6a8bfba5eae86253f3803e5f6f6,2024-04-02 00:00:00+00:00
a40e809604e2ebfd4ff6facd9927913abca6f8d471827e3eb30799d4547cf278,e93bbdd96322eff74f992d45ca74c5654f7581ef6e4d9280683800dd771d6431,2022-11-02 00:00:00+00:00
ee521772e532114ac38928365c3769999c95cc0e3566ccc26f50be0fc911c983,682b158d317e1df582bd311abc19a2b66eadd6a8bfba5eae86253f3803e5f6f6,2024-11-28 00:00:00+00:00
9c7b95aa9f620cd297a6d6a1dafd6ff656589cc4a855f1882511b90f2680e4fe,47973c90a328daa7c4de47a07c76525c1bc9e13f7549893b074be8570d215144,2024-07-18 00:00:00+00:00
9d6b9ea585ee048d161a7e69b13aab65fd1837763a0f147b5fa800840628e34c,66a5fb8f1f8e568b29bbf22b30bb1585762e9fd5020a6a8c7c452cbc0ee445bc,2024-11-28 00:00:00+00:00
9fca5b423c2d5cd3c069d31950e264cc914fcf02bda32685896cb68cb019bbf7,c2671ff4c0077dbc069714697f6ee19502be448cd4f010131a581fa1743003e6,2024-11-28 00:00:00+00:00
a04d18e00e55d28de26058be8470753219284b3f81739c9c8145dce282cd3fd5,13aa166be1a99e39ae022defb301dc05bb7c9f64d8eaa81b95a0fde344411cb9,2022-12-02 00:00:00+00:00
b452331ac97c2f131f753d6f49a621c652b381b9f57329046f96a1d9bed3a4a2,d0d4bbdb373ecb09633089ec00daf844f0d04a8ff6b43fe0e081f1d817820902,2024-06-13 00:00:00+00:00
a0cb48e2a1cc1476a6fe2051e67f1b93f4466ff992dc8ab7a745687612ea1d31,47973c90a328daa7c4de47a07c76525c1bc9e13f7549893b074be8570d215144,2024-07-18 00:00:00+00:00
a149936769809a01b87340f5feb08093813ffae84017a5df00b3e3cc6f6395fd,a643f8b6047069fc8b2eb8a02356347532bb638f25b29711025c5dba59ab33d2,2024-11-28 00:00:00+00:00
a26b7714b99e55446af670cd0f2f8985ce98f244be5129ce5048cf0bc89f8392,4f75aada913371f499c2d355fdaf64e1f9c478c4d41a13fa27e9a1f302321331,2024-11-28 00:00:00+00:00
a36721979bdf3db61fb7e312d75805dc8a1ef8d7b59cd969f0ab3659db28a4ca,4f75aada913371f499c2d355fdaf64e1f9c478c4d41a13fa27e9a1f302321331,2024-07-18 00:00:00+00:00
a384ecb616a551acfcb0b26365a16df2c0d575bd1ac447592c02650d986f3d75,8778ee48d7a9fe7cfe66d70a618e1729370f969932a84fa382ba9cd689df0201,2022-12-02 00:00:00+00:00
a47a76f589f8208f02f884c02528de704c7c28839219d272a6b7d1eabb0bb3f8,5dbe0e03111520839761261fed409977dc1f60ffe80f5c5d5a984c24025f5fbb,2023-03-16 00:00:00+00:00
df90abf730070abe4c11db4608bc320cc34daf3c8d957931d38e9b965e9c3574,070aff4183f4399f8cca2a7aab8735b974d21295ba8c15c7240985bf954f7a6c,2024-11-28 00:00:00+00:00
a5a2b9f1b995f29745574a8886906eb592036a35fcd9d7467d3f47a53ebf062c,bb4ef382108a7251ff40e6d5976f225010162b22a161da0c34dbe67e00c56d4d,2024-05-17 00:00:00+00:00
fc38c0cddd80a2b917d88010a60ff8bd66b7c1e01cea97a98d6ddac68b52fe52,bb4ef382108a7251ff40e6d5976f225010162b22a161da0c34dbe67e00c56d4d,2024-11-28 00:00:00+00:00
a6a201c001618eab1833b474c1461e8287f411e5388f475ec6440c679adf5b4b,6edd64f9178a993e7c4a8e5f10ee347ee889c0e7733debae13975e7937602b68,2024-07-25 00:00:00+00:00
a8a35be4aabf66aedcfda9135b0e11cb93400b4ece456a2aa32a8091e2f5d99f,92e5b74cb5c882e09b09ffdb05d1e57880e25f2f1c5ce9585cdc2db80b770c51,2024-04-26 00:00:00+00:00
a8df22266fb22ce7c4ba877a57ba936f5a3cff279c7264b1bcc999eadf5d8316,c976e46c402d6708f2aff4c95afcfa1a09e43fac3f4fe811757682bd49f945e4,2022-06-09 00:00:00+00:00
e16a5c6c3f1ec5532014c30b2bf7be064891f497a3c2168d7e792409556a5417,c976e46c402d6708f2aff4c95afcfa1a09e43fac3f4fe811757682bd49f945e4,2022-12-02 00:00:00+00:00
aa7ebd925da550bf61ca61a1e6e218ef46ae1ccfcc3db1d24725838fa50c9abe,47973c90a328daa7c4de47a07c76525c1bc9e13f7549893b074be8570d215144,2023-04-01 00:00:00+00:00
b7618723f0ffe00b229477e9e949aeb6bcda8cb137ae5d54cb3a3592d31e7149,47973c90a328daa7c4de47a07c76525c1bc9e13f7549893b074be8570d215144,2023-05-25 00:00:00+00:00
d0eb6cf9e46bac18c183f8301abe2956ed792776351a086d9119796384a1a53b,47973c90a328daa7c4de47a07c76525c1bc9e13f7549893b074be8570d215144,2024-04-19 00:00:00+00:00
fa4c1f90c9aef3e7aff4e2032c13818ba8c1fbfbcb1c8bfa4fc6c89e0c28ac07,6edd64f9178a993e7c4a8e5f10ee347ee889c0e7733debae13975e7937602b68,2022-07-28 00:00:00+00:00
aabfd264754b33373b9857c233ed8e8f803700d7fdd899ec2ad428338b5d72df,bb4ef382108a7251ff40e6d5976f225010162b22a161da0c34dbe67e00c56d4d,2024-07-25 00:00:00+00:00
abe1b72e0c512cb79a788771a8dee0c622b50a90a229deed18ecced24f47a3bc,6d36dda227e871238c5bd6f337f780cad0b8f73168f4ef0cd3c2c06ce37b3f75,2024-05-24 00:00:00+00:00
ac3763c5a4ed9673730533883507216a70b94072f8f591824bc8c129be7fa25f,f2b2cdf71c4764c22b26f6a51531c1a26f84132473db9642525b2945ac72fc4b,2023-08-24 00:00:00+00:00
acb5384d370feda1de4ed48212ff2462ba53d0f9ca3c59666ec61466b345f83d,bb4ef382108a7251ff40e6d5976f225010162b22a161da0c34dbe67e00c56d4d,2023-05-11 00:00:00+00:00
ac71e44186c6f4da35696b23839e2f32481df5e47fd7d02423c52a9431eccf3e,6edd64f9178a993e7c4a8e5f10ee347ee889c0e7733debae13975e7937602b68,2024-07-25 00:00:00+00:00
ae82e94ff0e27ce9805b8e6cfb8afa8b2da4a34c6e7d2ac78609d213d16bc3ad,47973c90a328daa7c4de47a07c76525c1bc9e13f7549893b074be8570d215144,2024-07-18 00:00:00+00:00
aeb3b60ad0f68187eaa6024d9f8cca6c54eb4d895b17103298152cf3bc9a68e4,8405c1a7d348f45fe5e562a2ea4fa5ddc31bbb33248ca5ca618931711e549bc2,2024-11-28 00:00:00+00:00
b2e6687e90d968ba6ed899ef506ad241164b1e18b47ca0f234150049ded935ea,070aff4183f4399f8cca2a7aab8735b974d21295ba8c15c7240985bf954f7a6c,2024-11-28 00:00:00+00:00
b42ef2af4392fa4543ef495e2e63b8f53aba83103d8a4817c0ff31d3367ea72c,945536a37e62d83a51cf10267e5fa883fe82b6d6e65cd69683be7961081f1662,2024-04-02 00:00:00+00:00
ba985c038dcf3ecb7510308bbbc3030b1cfb7834368e0e4101814a71eb86e438,682b158d317e1df582bd311abc19a2b66eadd6a8bfba5eae86253f3803e5f6f6,2023-04-27 00:00:00+00:00
bb39cbdd6ff41fa463e1494cee878670455414b445941da34609a7fb2001816f,d0d4bbdb373ecb09633089ec00daf844f0d04a8ff6b43fe0e081f1d817820902,2024-11-28 00:00:00+00:00
bb6ebd38b35bd01a85a877640104588a7cdd04f865fd1403ff8437494fc4be1c,bb4ef382108a7251ff40e6d5976f225010162b22a161da0c34dbe67e00c56d4d,2024-05-17 00:00:00+00:00
bdab1b79f466dc9f17a03eff0c7ff5e6e7c26b4449d815668c0a7d5f0ca48e15,66a5fb8f1f8e568b29bbf22b30bb1585762e9fd5020a6a8c7c452cbc0ee445bc,2024-11-28 00:00:00+00:00
be5dbe58dbe61634208e6a597a568a6b64f5f25886d97936c80013d82cd61e5c,47973c90a328daa7c4de47a07c76525c1bc9e13f7549893b074be8570d215144,2024-04-19 00:00:00+00:00
c2c58a2981fd0e1f523b173a54fc7f490c2333789e21af669ade9c02960e7c58,4f75aada913371f499c2d355fdaf64e1f9c478c4d41a13fa27e9a1f302321331,2024-07-25 00:00:00+00:00
c3d7ae1c2bbdabd7d16c07b48ec9f47d20bfc9400f26db9355cd17fab30de419,a14c5e9a2f354cd0167d1de1a32de8cc69658803a8a7fe933057e7142a3ce0a2,2024-04-26 00:00:00+00:00
c5d6df2956fc3414d43804553e236c4234edf5dd9a2af0693d5a288e787264a5,20b1bcc9bd8e4a7faf7725f98d338c5e5c09fac2ce89bbe4a97b4df68699241d,2024-03-15 00:00:00+00:00
c6c65af353bf8e76219d753c1e3ba2916f32dcfa144c2ef57b392599dbc3720a,5dbe0e03111520839761261fed409977dc1f60ffe80f5c5d5a984c24025f5fbb,2023-07-03 00:00:00+00:00
ca8b7c5b710ccda0832a8a0bf2382f62c01ac258266e67b129972877776a45d2,bb4ef382108a7251ff40e6d5976f225010162b22a161da0c34dbe67e00c56d4d,2024-07-25 00:00:00+00:00
cb281b6c23689c75d75b6b99acdb29e43d7facc3d01b0a2117a14b7d82ce06fd,c976e46c402d6708f2aff4c95afcfa1a09e43fac3f4fe811757682bd49f945e4,2022-12-02 00:00:00+00:00
d07683e6093ca0d97bcedbcf4d3b1d589f5d61e9308102f51e9c1697aa4b2089,c976e46c402d6708f2aff4c95afcfa1a09e43fac3f4fe811757682bd49f945e4,2024-11-28 00:00:00+00:00
d09229759e7db060faff7a2f84cd0a67803aa45ca37c82742f2db2ed16aae4d7,682b158d317e1df582bd311abc19a2b66eadd6a8bfba5eae86253f3803e5f6f6,2024-07-25 00:00:00+00:00
d1278b90c6dd7ccf107d3072a61581cbbdf5ab7c5de0f47daacce6c4b2f2a786,8778ee48d7a9fe7cfe66d70a618e1729370f969932a84fa382ba9cd689df0201,2022-09-15 00:00:00+00:00
d34f222ad61bf1904d09db24563d0536f4b99eb15c2939a35ffc08afd6d566ea,47973c90a328daa7c4de47a07c76525c1bc9e13f7549893b074be8570d215144,2024-07-18 00:00:00+00:00
d3a02cfa579ae7a4dd110761499954cbc405f6d26899c75fd9838532ad03070a,bb4ef382108a7251ff40e6d5976f225010162b22a161da0c34dbe67e00c56d4d,2024-11-28 00:00:00+00:00
d4a122424872387f910e77385136cad08f53e96b2297e79019b5e2ad272d551c,bb4ef382108a7251ff40e6d5976f225010162b22a161da0c34dbe67e00c56d4d,2024-05-17 00:00:00+00:00
ed8105a0d26a23591425ba0999f3aaed51131dc6ca2413afe93b6e4b0971e9f6,bb4ef382108a7251ff40e6d5976f225010162b22a161da0c34dbe67e00c56d4d,2024-11-28 00:00:00+00:00
d50ae889c82640769d01270858410e8276c4a730c890b3e3d6b650a83902dd02,2c471ced8e735323b6258cd7be98d331918245ffdca13d9b70eb62d646112263,2024-11-28 00:00:00+00:00
d65ffa10ec885042489fb24f8f3ec437c948fdbddfae5d155594c81da29c830a,47973c90a328daa7c4de47a07c76525c1bc9e13f7549893b074be8570d215144,2024-04-19 00:00:00+00:00
ecad18e82d33313b2cd40e060ef6b0cb1eedee3e933da006dac34c58c4673c13,6edd64f9178a993e7c4a8e5f10ee347ee889c0e7733debae13975e7937602b68,2023-02-16 00:00:00+00:00
d7ad9c9bc0c3d5c91271e6633995016441f8e996aea3c412ec2692033ab52355,92e5b74cb5c882e09b09ffdb05d1e57880e25f2f1c5ce9585cdc2db80b770c51,2024-11-28 00:00:00+00:00
d816b53baceb6d2fa179635f0830166872ef9ce73f58b9cf7111f928d8f4c0d0,bb4ef382108a7251ff40e6d5976f225010162b22a161da0c34dbe67e00c56d4d,2024-07-25 00:00:00+00:00
d9db2c19f4d0f9a1eabe991999d436649e404ef2cbefc9de62128ae71ac5701d,6edd64f9178a993e7c4a8e5f10ee347ee889c0e7733debae13975e7937602b68,2024-11-28 00:00:00+00:00
db43c2e6aa224ce312cdb92bfd7ff037ce98c8f6834986f381951981bbb483f0,9cddd25a7af9af2f77c17bfea71e0f85acf2b018f694fadc09f95cf1d382ac3a,2024-11-28 00:00:00+00:00
ddfa224a837a583cace6a70632585c943ce9f9fa719292bdb2b4b13852cdc894,bb4ef382108a7251ff40e6d5976f225010162b22a161da0c34dbe67e00c56d4d,2024-11-28 00:00:00+00:00
de529fdd66ba51b48b10a6c4721d87c5ae606ea4fffbe36097e1a16d19e0ac3a,6edd64f9178a993e7c4a8e5f10ee347ee889c0e7733debae13975e7937602b68,2024-07-25 00:00:00+00:00
df1a82ffb633c9cc46cc053975706a54fa479d8b2e8b008904a3a613c353a581,47973c90a328daa7c4de47a07c76525c1bc9e13f7549893b074be8570d215144,2024-04-19 00:00:00+00:00
fe5330a91d94ae58f07e3d13c2902569c99455431d86ebd998c79625208fe9c9,6edd64f9178a993e7c4a8e5f10ee347ee889c0e7733debae13975e7937602b68,2022-11-23 00:00:00+00:00
e1317e7c79f846d1b12e68f61af7bbda4ac68c077c8983a441d69803fdd4bbae,682b158d317e1df582bd311abc19a2b66eadd6a8bfba5eae86253f3803e5f6f6,2024-05-17 00:00:00+00:00
e18550c3eb2963e7094a15ea2f1473e5e1d79bd19fc285e1501e33fb2a389c33,6d36dda227e871238c5bd6f337f780cad0b8f73168f4ef0cd3c2c06ce37b3f75,2024-05-24 00:00:00+00:00
e2ce6dddc4161e0207ba5c0b9c1f57f8fe2b2883fc2cb214ef385787142326b0,c2671ff4c0077dbc069714697f6ee19502be448cd4f010131a581fa1743003e6,2024-11-28 00:00:00+00:00
e756f7a40993c932e07fb415736a2a0b775caaebede59e790d47a88d558c4ba3,a643f8b6047069fc8b2eb8a02356347532bb638f25b29711025c5dba59ab33d2,2024-11-28 00:00:00+00:00
e82bbc7c5351cec1155ac23b1ada63dd7c5223a0f9176a84a55f2ced5c9bb2bc,bb4ef382108a7251ff40e6d5976f225010162b22a161da0c34dbe67e00c56d4d,2024-07-25 00:00:00+00:00
e901bfc041664741a181ca5201f2086c16171c1916b9253002ab9e710f3d53a9,682b158d317e1df582bd311abc19a2b66eadd6a8bfba5eae86253f3803e5f6f6,2024-07-25 00:00:00+00:00
e99379ecbd0d1aebe980a2bb22a049405d71070e5f91d1333d96cd945c345510,682b158d317e1df582bd311abc19a2b66eadd6a8bfba5eae86253f3803e5f6f6,2022-11-02 00:00:00+00:00
f6c2ecd3562f3453ea5d9ab3b1b93d0c334c9226894ee9b31110e4c06fa28d60,e93bbdd96322eff74f992d45ca74c5654f7581ef6e4d9280683800dd771d6431,2022-09-22 00:00:00+00:00
e9a899274c7a7c6db4739f6fa3266e57ceca8926515b396a3840c364cda4901a,8405c1a7d348f45fe5e562a2ea4fa5ddc31bbb33248ca5ca618931711e549bc2,2024-11-28 00:00:00+00:00
ea6a2a5d6f581c15f08cd2f9faa57bc83473aa3878a0817c270623d1fa3c25c8,a14c5e9a2f354cd0167d1de1a32de8cc69658803a8a7fe933057e7142a3ce0a2,2024-04-26 00:00:00+00:00
ed0151815abdbc12ef74283f8687ee4e7736b6c426fb081af15a04814e9b47fc,c976e46c402d6708f2aff4c95afcfa1a09e43fac3f4fe811757682bd49f945e4,2024-11-28 00:00:00+00:00
ee93b8f6c6128b13e6c4888dbae6a46672482c64459c7685c71367b002c7f5d8,a14c5e9a2f354cd0167d1de1a32de8cc69658803a8a7fe933057e7142a3ce0a2,2024-11-28 00:00:00+00:00
eee7d66f22f0f42eeead82c7fcda87117c94e12f1d7880835c1918ecf610fb9e,c976e46c402d6708f2aff4c95afcfa1a09e43fac3f4fe811757682bd49f945e4,2024-11-28 00:00:00+00:00
ef278c4fbc832f5872f9f7a8d02c44edb3b3bd11fab7f3a00ec38d49ec71e171,bb4ef382108a7251ff40e6d5976f225010162b22a161da0c34dbe67e00c56d4d,2024-07-25 00:00:00+00:00
f05bb516c9a52a5cc5118210b4e6050e9563a7eae3f6d3153674b99db32d1ca0,9cddd25a7af9af2f77c17bfea71e0f85acf2b018f694fadc09f95cf1d382ac3a,2024-11-28 00:00:00+00:00
f1cf99cd0bc3a5bfcd724352ec576ecfd281f53ad865f865f8a7973ff156b67b,53d42caa75540a0a5610d706f4323d9a69bf5dc7c29baec82a9558d46c4e9077,2023-07-03 00:00:00+00:00
f2794ae923ababe940d4bb2e45cab52fcf6eac9defd4486ea8fc68535af3e664,bb4ef382108a7251ff40e6d5976f225010162b22a161da0c34dbe67e00c56d4d,2024-11-28 00:00:00+00:00
f4a72d06a5722148abc1de72404dd31d0694fc76ac614ef2b98a0abd1176d033,20b1bcc9bd8e4a7faf7725f98d338c5e5c09fac2ce89bbe4a97b4df68699241d,2023-04-20 00:00:00+00:00
f6e461d0e9036ff009b0f74a9d95595c4f0dfa803fb3a1cfdd28d15d047925db,20b1bcc9bd8e4a7faf7725f98d338c5e5c09fac2ce89bbe4a97b4df68699241d,2022-10-18 00:00:00+00:00
f6f7098968ef6659802367110c2b02629e00da0135a4ea978ffd8acebbadde38,c976e46c402d6708f2aff4c95afcfa1a09e43fac3f4fe811757682bd49f945e4,2022-12-02 00:00:00+00:00
f9100f6ffb076b4086b9f96eb8ff7ddfa7414c3c80f708013eefdc1558e6a1d0,aa7b398ea8219fd0b5aa9d1ef60f0ae0d8411c931f1d98a6512daa12a796490e,2024-07-25 00:00:00+00:00
f98ca1eaf45b896e8425123261c8316955b18dccf979afad48fbbe5fac471dc4,a14c5e9a2f354cd0167d1de1a32de8cc69658803a8a7fe933057e7142a3ce0a2,2024-04-26 00:00:00+00:00
fddcfdad7a08eb5165e64f2d04d3568c86185bba7ecfc04e7406cebca9bac269,682b158d317e1df582bd311abc19a2b66eadd6a8bfba5eae86253f3803e5f6f6,2024-07-25 00:00:00+00:00
ff1150c10403ef77d699e34bf494f22f446cc68e0618699c8c72de0140c505f7,bb4ef382108a7251ff40e6d5976f225010162b22a161da0c34dbe67e00c56d4d,2024-07-25 00:00:00+00:00
ff3212dbb5c896ac078bbf6e79642af7ffb87f47d2f0c1e8363d4a48048195eb,4f75aada913371f499c2d355fdaf64e1f9c478c4d41a13fa27e9a1f302321331,2024-07-18 00:00:00+00:00
